{
   "login": "nodejs",
   "id": 9950313,
   "node_id": "MDEyOk9yZ2FuaXphdGlvbjk5NTAzMTM=",
   "url": "https://api.github.com/orgs/nodejs",
   "repos_url": "https://api.github.com/orgs/nodejs/repos",
   "events_url": "https://api.github.com/orgs/nodejs/events",
   "hooks_url": "https://api.github.com/orgs/nodejs/hooks",
   "issues_url": "https://api.github.com/orgs/nodejs/issues",
   "members_url": "https://api.github.com/orgs/nodejs/members{/member}",
   "public_members_url": "https://api.github.com/orgs/nodejs/public_members{/member}",
   "avatar_url": "https://avatars.githubusercontent.com/u/9950313?v=4",
   "description": "",
   "name": "Node.js",
   "company": null,
   "blog": "https://nodejs.org",
   "location": null,
   "email": null,
   "twitter_username": "nodejs",
   "is_verified": true,
   "has_organization_projects": true,
   "has_repository_projects": true,
   "public_repos": 188,
   "public_gists": 0,
   "followers": 0,
   "following": 0,
   "html_url": "https://github.com/nodejs",
   "created_at": "2014-11-25T17:10:50Z",
   "updated_at": "2021-05-04T14:34:16Z",
   "type": "Organization"
}