{
  "routes": [
    {
      "method": "GET",
      "path": "/characters",
      "handler": "character.find",
      "config": {
        "policies": []
      }
    },
    {
      "method": "GET",
      "path": "/characters/count",
      "handler": "character.count",
      "config": {
        "policies": []
      }
    },
    {
      "method": "GET",
      "path": "/characters/:id",
      "handler": "character.findOne",
      "config": {
        "policies": []
      }
    },
    {
      "method": "POST",
      "path": "/characters",
      "handler": "character.create",
      "config": {
        "policies": []
      }
    },
    {
      "method": "PUT",
      "path": "/characters/:id",
      "handler": "character.update",
      "config": {
        "policies": []
      }
    },
    {
      "method": "DELETE",
      "path": "/characters/:id",
      "handler": "character.delete",
      "config": {
        "policies": []
      }
    }
  ]
}
